Algoritmo,Iteração,Rate,acc,f1,RN len,tempo de execução
LP_PUL,0,0.01,0.78,0.8764044943820225,200,20.520647048950195
LP_PUL,1,0.01,0.48,0.6486486486486487,200,20.379106760025024
LP_PUL,2,0.01,0.815,0.8980716253443526,200,22.24074149131775
