Algoritmo,Iteração,Rate,acc,f1,RN len,tempo de execução
LP_PUL,0,0.01,0.828,0.9059080962800875,500,158.58616375923157
CCRNE,0,0.01,0.566,0.722860791826309,500,0.9477493762969971
AE_PUL,0,0.01,0.566,0.722860791826309,500,13.33174467086792
GAE_PUL,0,0.01,0.566,0.722860791826309,500,19392.335205316544
MCLS,0,0.01,0.798,0.8876529477196886,500,4.5021727085113525
