Algoritmo,Iteração,Rate,acc,f1,RN len,tempo de execução
LP_PUL,0,0.01,0.605,0.7538940809968847,200,262.1541004180908
CCRNE,0,0.01,0.47113997113997114,0.6405100539480137,1386,0.0767817497253418
AE_PUL,0,0.01,0.46,0.6301369863013699,200,80.92971682548523
