Algoritmo,Iteração,Rate,acc,f1,RN len,tempo de execução
AE_PUL,0,0.01,0.94,0.9690721649484536,300,5.201773643493652
GAE_PUL,0,0.01,0.9433333333333334,0.9708404802744426,300,138.210191488266
MCLS,0,0.01,0.23333333333333334,0.37837837837837834,300,1.921353816986084
PU_LP,0,0.01,0.8,0.888888888888889,15,13.934539794921875
RCSVM_RN,0,0.01,0.0,0.0,1,0.15593934059143066
AE_PUL,1,0.01,0.9766666666666667,0.988195615514334,300,5.640926837921143
