Algoritmo,Iteração,Rate,acc,f1,RN len,tempo de execução
LP_PUL,0,0.01,0.745,0.8538681948424068,200,6.696274518966675
LP_PUL,1,0.01,0.625,0.7692307692307693,200,6.403553247451782
LP_PUL,2,0.01,0.835,0.9100817438692098,200,6.759456396102905
